batch,external_food_id,original_chinese_name,category_level_1,category_level_2,brand,publish_decision,final_chinese_name,reviewer_notes,reviewed_at
Batch-01,F001884,鲷鱼（鱼柳、生）,fish_seafood,,,,鲷鱼（鱼柳、生）,,
Batch-01,F001885,鲷鱼（鱼柳、蒸制、无加油脂）,fish_seafood,,,,鲷鱼（鱼柳、蒸制、无加油脂）,,
Batch-01,F008359,笛鲷（鱼柳、生）,fish_seafood,,,,笛鲷（鱼柳、生）,,
Batch-01,F004256,科尼雄葡萄（生）,fruits,,,,科尼雄葡萄（生）,,
Batch-01,F001905,西兰花（新鲜、生）,vegetables,cruciferous_vegetables,,,西兰花（新鲜、生）,,
Batch-01,F003017,速溶黑咖啡,beverages_non_alcoholic,coffee,,,速溶黑咖啡,,
Batch-01,F003041,意式浓缩咖啡（咖啡豆研磨冲泡）,beverages_non_alcoholic,,,,意式浓缩咖啡（咖啡豆研磨冲泡）,,
Batch-01,F004099,苹果汁饮料,beverages_non_alcoholic,,,,苹果汁饮料,,
Batch-01,F004114,橙汁饮料,beverages_non_alcoholic,,,,橙汁饮料,,
Batch-01,F005696,矿泉水（原味、原味）,beverages_non_alcoholic,,,,矿泉水（原味、原味）,,
Batch-01,F009117,绿茶（原味、不加奶）,beverages_non_alcoholic,,,,绿茶（原味、不加奶）,,
Batch-01,F009125,红茶（茶叶或茶包冲泡、不加奶）,beverages_non_alcoholic,tea,,,红茶（茶叶或茶包冲泡、不加奶）,,
Batch-01,F009527,自来水,beverages_non_alcoholic,water,,,自来水,,
Batch-01,F003607,法式或意式沙拉酱（全脂、市售）,condiments_sauces,,,,法式或意式沙拉酱（全脂、市售）,,
Batch-01,F003612,千岛酱（全脂、市售）,condiments_sauces,,,,千岛酱（全脂、市售）,,
Batch-01,F004263,肉汁粉（干粉）,condiments_sauces,,,,肉汁粉（干粉）,,
Batch-01,F005441,蛋黄酱（传统型（脂肪高于65%）、市售）,condiments_sauces,,,,蛋黄酱（传统型（脂肪高于65%）、市售）,,
Batch-01,F005973,芥末酱（乳脂状）,condiments_sauces,,,,芥末酱（乳脂状）,,
Batch-01,F006469,绿咖喱酱（市售）,condiments_sauces,,,,绿咖喱酱（市售）,,
Batch-01,F006471,印度咖喱酱（市售）,condiments_sauces,,,,印度咖喱酱（市售）,,
Batch-01,F006830,盐渍李子,condiments_sauces,,,,盐渍李子,,
Batch-01,F007878,食盐（加碘）,condiments_sauces,,,,食盐（加碘）,,
Batch-01,F007879,食盐（未加碘）,condiments_sauces,seasonings,,,食盐（未加碘）,,
Batch-01,F007987,烧烤酱（市售）,condiments_sauces,,,,烧烤酱（市售）,,
Batch-01,F007992,黄油鸡酱（市售）,condiments_sauces,,,,黄油鸡酱（市售）,,
Batch-01,F008004,鱼露（市售）,condiments_sauces,,,,鱼露（市售）,,
Batch-01,F008008,海鲜酱（市售）,condiments_sauces,,,,海鲜酱（市售）,,
Batch-01,F008026,蚝油（市售）,condiments_sauces,,,,蚝油（市售）,,
Batch-01,F008065,酱油,condiments_sauces,sauces,,,酱油,,
Batch-01,F008973,原糖,condiments_sauces,,,,原糖,,
Batch-01,F008976,白砂糖,condiments_sauces,sweeteners,,,白砂糖,,
Batch-01,F002405,蓝纹奶酪,dairy,,,,蓝纹奶酪,,
Batch-01,F002406,小莫扎里拉奶酪,dairy,,,,小莫扎里拉奶酪,,
Batch-01,F002407,布里奶酪,dairy,,,,布里奶酪,,
Batch-01,F002408,卡芒贝尔奶酪,dairy,,,,卡芒贝尔奶酪,,
Batch-01,F002413,切达奶酪（原味、低脂(~25%)）,dairy,,,,切达奶酪（原味、低脂(~25%)）,,
Batch-01,F002414,天然全脂切达奶酪,dairy,cheese,,,天然全脂切达奶酪,,
Batch-01,F002425,切达奶酪（再制、低脂(~15%)、添加维生素D）,dairy,,,,切达奶酪（再制、低脂(~15%)、添加维生素D）,,
Batch-01,F002428,切达奶酪（再制、全脂）,dairy,,,,切达奶酪（再制、全脂）,,
Batch-01,F002435,茅屋奶酪,dairy,,,,茅屋奶酪,,
Batch-01,F002444,奶油奶酪（原味）,dairy,,,,奶油奶酪（原味）,,
Batch-01,F002452,菲达奶酪,dairy,,,,菲达奶酪,,
Batch-01,F002462,山羊奶酪（硬质）,dairy,,,,山羊奶酪（硬质）,,
Batch-01,F002463,山羊奶酪（软质）,dairy,,,,山羊奶酪（软质）,,
Batch-01,F002466,哈罗米奶酪,dairy,,,,哈罗米奶酪,,
Batch-01,F002478,帕玛森奶酪（干制、细磨碎）,dairy,,,,帕玛森奶酪（干制、细磨碎）,,
Batch-01,F002479,帕玛森奶酪（新鲜、全脂）,dairy,,,,帕玛森奶酪（新鲜、全脂）,,
Batch-01,F002488,瑞科塔奶酪,dairy,,,,瑞科塔奶酪,,
Batch-01,F005580,牛奶（淡炼乳罐装、低脂(~2%)）,dairy,,,,牛奶（淡炼乳罐装、低脂(~2%)）,,
Batch-01,F005581,牛奶（淡炼乳罐装、普通）,dairy,,,,牛奶（淡炼乳罐装、普通）,,
Batch-01,F005582,牛奶（甜炼乳罐装、普通）,dairy,,,,牛奶（甜炼乳罐装、普通）,,
Batch-01,F005599,牛奶（液态、无乳糖、全脂(~3.5%)）,dairy,,,,牛奶（液态、无乳糖、全脂(~3.5%)）,,
Batch-01,F005614,牛奶（液态、低脂(~1%)）,dairy,,,,牛奶（液态、低脂(~1%)）,,
Batch-01,F005621,牛奶（液态、低脂(~1.5%)、添加欧米伽-3多不饱和脂肪）,dairy,,,,牛奶（液态、低脂(~1.5%)、添加欧米伽-3多不饱和脂肪）,,
Batch-01,F005634,全脂牛奶,dairy,,,,全脂牛奶,,
Batch-01,F005635,牛奶（液态、全脂(~3.5%)、添加欧米伽-3多不饱和脂肪）,dairy,,,,牛奶（液态、全脂(~3.5%)、添加欧米伽-3多不饱和脂肪）,,
Batch-01,F005637,牛奶（液态、脱脂（0.15%脂肪））,dairy,,,,牛奶（液态、脱脂（0.15%脂肪））,,
Batch-01,F005648,牛奶（粉末、全脂）,dairy,,,,牛奶（粉末、全脂）,,
Batch-01,F005650,牛奶（粉末、全脂、未强化）,dairy,,,,牛奶（粉末、全脂、未强化）,,
Batch-01,F005652,牛奶（粉末、脱脂）,dairy,,,,牛奶（粉末、脱脂）,,
Batch-01,F009694,原味全脂酸奶,dairy,yoghurt,,,原味全脂酸奶,,
Batch-01,F009919,原味羊奶酸奶,dairy,,,,原味羊奶酸奶,,
Batch-01,F010020,哈罗米奶酪（减盐）,dairy,,,,哈罗米奶酪（减盐）,,
Batch-01,F003705,鸡蛋清（水煮熟）,eggs,,,,鸡蛋清（水煮熟）,,
Batch-01,F003706,鸡蛋清（生）,eggs,,,,鸡蛋清（生）,,
Batch-01,F003721,全鸡蛋（水煮熟）,eggs,,,,全鸡蛋（水煮熟）,,
Batch-01,F003723,全鸡蛋（强化欧米伽-3多不饱和脂肪、水煮）,eggs,,,,全鸡蛋（强化欧米伽-3多不饱和脂肪、水煮）,,
Batch-01,F003724,全鸡蛋（强化欧米伽-3多不饱和脂肪、生）,eggs,,,,全鸡蛋（强化欧米伽-3多不饱和脂肪、生）,,
Batch-01,F003729,全鸡蛋（生）,eggs,,,,全鸡蛋（生）,,
Batch-01,F003736,鸡蛋黄（水煮熟）,eggs,,,,鸡蛋黄（水煮熟）,,
Batch-01,F003737,鸡蛋黄（生）,eggs,,,,鸡蛋黄（生）,,
Batch-01,F000002,黑边鲍鱼（养殖、生）,fish_seafood,,,,黑边鲍鱼（养殖、生）,,
Batch-01,F000003,黑边鲍鱼（野生、生）,fish_seafood,,,,黑边鲍鱼（野生、生）,,
Batch-01,F000004,棕边鲍鱼（野生、生）,fish_seafood,,,,棕边鲍鱼（野生、生）,,
Batch-01,F000005,绿边鲍鱼（养殖、生）,fish_seafood,,,,绿边鲍鱼（养殖、生）,,
Batch-01,F000006,绿边鲍鱼（野生、生）,fish_seafood,,,,绿边鲍鱼（野生、生）,,
Batch-01,F000386,金目鲈（养殖、鱼柳、生）,fish_seafood,,,,金目鲈（养殖、鱼柳、生）,,
Batch-01,F000402,巴沙鱼（鱼柳、生）,fish_seafood,,,,巴沙鱼（鱼柳、生）,,
Batch-01,F003973,平头鱼（鱼柳、生）,fish_seafood,,,,平头鱼（鱼柳、生）,,
Batch-01,F003974,平头鱼（鱼柳、蒸制、无加油脂）,fish_seafood,,,,平头鱼（鱼柳、蒸制、无加油脂）,,
Batch-01,F004202,银鳞鲳鱼（鱼柳、生）,fish_seafood,,,,银鳞鲳鱼（鱼柳、生）,,
Batch-01,F004203,银鳞鲳鱼（鱼柳、蒸制、无加油脂）,fish_seafood,,,,银鳞鲳鱼（鱼柳、蒸制、无加油脂）,,
Batch-01,F005659,虱目鱼（养殖、鱼柳、生）,fish_seafood,,,,虱目鱼（养殖、鱼柳、生）,,
Batch-01,F005824,唇指鲈（鱼柳、生）,fish_seafood,,,,唇指鲈（鱼柳、生）,,
Batch-01,F005825,唇指鲈（鱼柳、蒸制、无加油脂）,fish_seafood,,,,唇指鲈（鱼柳、蒸制、无加油脂）,,
Batch-01,F005922,黄眼鲻鱼（鱼柳、生）,fish_seafood,,,,黄眼鲻鱼（鱼柳、生）,,
Batch-01,F005930,澳洲石首鱼（鱼柳、生）,fish_seafood,,,,澳洲石首鱼（鱼柳、生）,,
Batch-01,F005932,澳洲石首鱼（鱼柳、蒸制、无加油脂）,fish_seafood,,,,澳洲石首鱼（鱼柳、蒸制、无加油脂）,,
Batch-01,F005968,蓝贻贝（蒸制）,fish_seafood,,,,蓝贻贝（蒸制）,,
Batch-01,F006288,澳洲本地牡蛎（养殖、生）,fish_seafood,,,,澳洲本地牡蛎（养殖、生）,,
Batch-01,F006289,太平洋牡蛎（养殖、生）,fish_seafood,,,,太平洋牡蛎（养殖、生）,,
Batch-01,F006291,悉尼岩牡蛎（养殖、生）,fish_seafood,,,,悉尼岩牡蛎（养殖、生）,,
Batch-01,F007433,虾仁（生）,fish_seafood,prawns,,,虾仁（生）,,
Batch-01,F007827,大西洋三文鱼柳（生）,fish_seafood,,,,大西洋三文鱼柳（生）,,
Batch-01,F007973,澳洲沙丁鱼（整只、生）,fish_seafood,,,,澳洲沙丁鱼（整只、生）,,
Batch-01,F008166,扇贝（生）,fish_seafood,,,,扇贝（生）,,
Batch-01,F008237,鲨鱼（鱼柳、去皮、生）,fish_seafood,,,,鲨鱼（鱼柳、去皮、生）,,
Batch-01,F008263,银鲈（养殖、生）,fish_seafood,,,,银鲈（养殖、生）,,
Batch-01,F008828,鱿鱼（生）,fish_seafood,,,,鱿鱼（生）,,
Batch-01,F009163,罗非鱼（鱼柳、生）,fish_seafood,,,,罗非鱼（鱼柳、生）,,
Batch-02,F009271,虹鳟鱼（养殖、生）,fish_seafood,,,,虹鳟鱼（养殖、生）,,
Batch-02,F009300,金枪鱼罐头（水浸、沥干）,fish_seafood,tuna,,,金枪鱼罐头（水浸、沥干）,,
Batch-02,F009560,乔治王牙鳕（鱼柳、生）,fish_seafood,,,,乔治王牙鳕（鱼柳、生）,,
Batch-02,F000086,邦扎苹果（带皮、生）,fruits,,,,邦扎苹果（带皮、生）,,
Batch-02,F000091,富士苹果（带皮、生）,fruits,,,,富士苹果（带皮、生）,,
Batch-02,F000092,金冠苹果（带皮、生）,fruits,,,,金冠苹果（带皮、生）,,
Batch-02,F000095,青苹（带皮、生）,fruits,,,,青苹（带皮、生）,,
Batch-02,F000099,红玉苹果（带皮、生）,fruits,,,,红玉苹果（带皮、生）,,
Batch-02,F000105,粉红佳人苹果（带皮、生）,fruits,,,,粉红佳人苹果（带皮、生）,,
Batch-02,F000107,红蛇果（带皮、生）,fruits,,,,红蛇果（带皮、生）,,
Batch-02,F000108,红皮苹果（去皮、生）,fruits,,,,红皮苹果（去皮、生）,,
Batch-02,F000110,红皮苹果（带皮、生）,fruits,,,,红皮苹果（带皮、生）,,
Batch-02,F000111,皇家嘎啦苹果（带皮、生）,fruits,,,,皇家嘎啦苹果（带皮、生）,,
Batch-02,F000262,卡文迪什香蕉（去皮、生）,fruits,tropical_fruits,,,卡文迪什香蕉（去皮、生）,,
Batch-02,F000267,小米蕉（去皮、生）,fruits,,,,小米蕉（去皮、生）,,
Batch-02,F001267,黑莓（生）,fruits,,,,黑莓（生）,,
Batch-02,F001290,蓝莓（生）,fruits,berries,,,蓝莓（生）,,
Batch-02,F003423,番荔枝（非洲骄傲品种、去皮、生）,fruits,,,,番荔枝（非洲骄傲品种、去皮、生）,,
Batch-02,F003834,无花果（新鲜、带皮、生）,fruits,,,,无花果（新鲜、带皮、生）,,
Batch-02,F004253,黑麝香葡萄（生）,fruits,,,,黑麝香葡萄（生）,,
Batch-02,F004254,黑无核葡萄（生）,fruits,,,,黑无核葡萄（生）,,
Batch-02,F004259,红地球葡萄（生）,fruits,,,,红地球葡萄（生）,,
Batch-02,F004260,青葡萄（生）,fruits,,,,青葡萄（生）,,
Batch-02,F004261,沃尔瑟姆十字葡萄（生）,fruits,,,,沃尔瑟姆十字葡萄（生）,,
Batch-02,F004286,番石榴（夏威夷品种、生）,fruits,,,,番石榴（夏威夷品种、生）,,
Batch-02,F004594,菠萝蜜（去皮、生）,fruits,,,,菠萝蜜（去皮、生）,,
Batch-02,F004815,黄金奇异果（去皮、生）,fruits,,,,黄金奇异果（去皮、生）,,
Batch-02,F004816,海沃德绿奇异果（去皮、生）,fruits,,,,海沃德绿奇异果（去皮、生）,,
Batch-02,F005174,柠檬（去皮、生）,fruits,,,,柠檬（去皮、生）,,
Batch-02,F005199,青柠（去皮、生）,fruits,,,,青柠（去皮、生）,,
Batch-02,F005244,枇杷（去皮、生）,fruits,,,,枇杷（去皮、生）,,
Batch-02,F005255,荔枝（去皮、生）,fruits,,,,荔枝（去皮、生）,,
Batch-02,F005299,芒果（去皮、生）,fruits,,,,芒果（去皮、生）,,
Batch-02,F005515,蜜瓜（去皮、生）,fruits,,,,蜜瓜（去皮、生）,,
Batch-02,F005519,哈密瓜（去皮、生）,fruits,,,,哈密瓜（去皮、生）,,
Batch-02,F005520,西瓜（去皮、生）,fruits,,,,西瓜（去皮、生）,,
Batch-02,F005916,桑葚（生）,fruits,,,,桑葚（生）,,
Batch-02,F006021,黄肉油桃（带皮、生）,fruits,,,,黄肉油桃（带皮、生）,,
Batch-02,F006276,脐橙（去皮、生）,fruits,,,,脐橙（去皮、生）,,
Batch-02,F006277,橙子（去皮、生）,fruits,,,,橙子（去皮、生）,,
Batch-02,F006279,瓦伦西亚橙（去皮、生）,fruits,,,,瓦伦西亚橙（去皮、生）,,
Batch-02,F006333,百香果（生）,fruits,,,,百香果（生）,,
Batch-02,F006528,木瓜（去皮、生）,fruits,,,,木瓜（去皮、生）,,
Batch-02,F006571,白肉桃（带皮、生）,fruits,,,,白肉桃（带皮、生）,,
Batch-02,F006573,黄肉桃（带皮、生）,fruits,,,,黄肉桃（带皮、生）,,
Batch-02,F006585,褐皮梨（带皮、生）,fruits,,,,褐皮梨（带皮、生）,,
Batch-02,F006601,青皮梨（带皮、生）,fruits,,,,青皮梨（带皮、生）,,
Batch-02,F006604,亚洲梨（带皮、生）,fruits,,,,亚洲梨（带皮、生）,,
Batch-02,F006606,帕克汉姆梨（带皮、生）,fruits,,,,帕克汉姆梨（带皮、生）,,
Batch-02,F009882,白肉油桃（带皮、生）,fruits,,,,白肉油桃（带皮、生）,,
Batch-02,F011000,黄肉木瓜（去皮、生）,fruits,,,,黄肉木瓜（去皮、生）,,
Batch-02,F011001,红肉木瓜（去皮、生）,fruits,,,,红肉木瓜（去皮、生）,,
Batch-02,F000061,苋米（整只、未烹调）,grains_staples,,,,苋米（整只、未烹调）,,
Batch-02,F000233,贝果（白面粉制、市售）,grains_staples,,,,贝果（白面粉制、市售）,,
Batch-02,F000378,珍珠大麦（水煮、无加油脂或盐）,grains_staples,,,,珍珠大麦（水煮、无加油脂或盐）,,
Batch-02,F000379,珍珠大麦（未烹调）,grains_staples,,,,珍珠大麦（未烹调）,,
Batch-02,F001353,面包卷（白面粉制）,grains_staples,,,,面包卷（白面粉制）,,
Batch-02,F001360,面包卷（全麦粉制）,grains_staples,,,,面包卷（全麦粉制）,,
Batch-02,F001365,面包卷（杂粮）,grains_staples,,,,面包卷（杂粮）,,
Batch-02,F001387,澳式苏打面包（白面粉制、自制）,grains_staples,,,,澳式苏打面包（白面粉制、自制）,,
Batch-02,F001450,面包（黑麦粉制、酸面团）,grains_staples,,,,面包（黑麦粉制、酸面团）,,
Batch-02,F001463,白面包,grains_staples,bread,,,白面包,,
Batch-02,F001468,面包（白面粉制、添加膳食纤维）,grains_staples,,,,面包（白面粉制、添加膳食纤维）,,
Batch-02,F001528,面包（白面粉制、意式、市售）,grains_staples,,,,面包（白面粉制、意式、市售）,,
Batch-02,F001537,面包（白面粉制、酸面团、市售）,grains_staples,,,,面包（白面粉制、酸面团、市售）,,
Batch-02,F001541,面包（白面粉制、烤制）,grains_staples,,,,面包（白面粉制、烤制）,,
Batch-02,F001543,面包（白杰卡鲁小麦粉制、添加膳食纤维、维生素B1、叶酸和铁）,grains_staples,,,,面包（白杰卡鲁小麦粉制、添加膳食纤维、维生素B1、叶酸和铁）,,
Batch-02,F001553,面包（全麦粉制）,grains_staples,,,,面包（全麦粉制）,,
Batch-02,F001671,面包（白面粉制、土耳其式）,grains_staples,,,,面包（白面粉制、土耳其式）,,
Batch-02,F001918,荞麦粒（水煮、无加盐）,grains_staples,,,,荞麦粒（水煮、无加盐）,,
Batch-02,F001928,布格麦（水泡、无加油脂或盐）,grains_staples,,,,布格麦（水泡、无加油脂或盐）,,
Batch-02,F003227,玉米糊（水煮、无加油脂或盐）,grains_staples,,,,玉米糊（水煮、无加油脂或盐）,,
Batch-02,F003235,库斯库斯（水煮、无加油脂或盐）,grains_staples,,,,库斯库斯（水煮、无加油脂或盐）,,
Batch-02,F003990,无麸质面粉（原味）,grains_staples,,,,无麸质面粉（原味）,,
Batch-02,F004007,白小麦面粉（原味）,grains_staples,,,,白小麦面粉（原味）,,
Batch-02,F004014,全麦面粉（原味）,grains_staples,,,,全麦面粉（原味）,,
Batch-02,F005690,小米（水煮、无加油脂或盐）,grains_staples,,,,小米（水煮、无加油脂或盐）,,
Batch-02,F006038,米粉（水煮、沥干）,grains_staples,,,,米粉（水煮、沥干）,,
Batch-02,F006042,荞麦面（水煮、沥干）,grains_staples,,,,荞麦面（水煮、沥干）,,
Batch-02,F006044,面条（鸡蛋小麦、原味、水煮、无加油脂）,grains_staples,,,,面条（鸡蛋小麦、原味、水煮、无加油脂）,,
Batch-02,F006048,面条（小麦、新鲜、浸泡、沥干）,grains_staples,,,,面条（小麦、新鲜、浸泡、沥干）,,
Batch-02,F006066,面条（小麦、即食、原味、水煮、沥干）,grains_staples,,,,面条（小麦、即食、原味、水煮、沥干）,,
Batch-02,F006067,面条（小麦、即食、原味、水煮、未沥干）,grains_staples,,,,面条（小麦、即食、原味、水煮、未沥干）,,
Batch-02,F006143,燕麦片（未烹调）,grains_staples,,,,燕麦片（未烹调）,,
Batch-02,F006429,意大利面（无麸质、干制后水煮、无加盐）,grains_staples,,,,意大利面（无麸质、干制后水煮、无加盐）,,
Batch-02,F006444,意大利面（白小麦粉和鸡蛋、干制后水煮、无加盐）,grains_staples,,,,意大利面（白小麦粉和鸡蛋、干制后水煮、无加盐）,,
Batch-02,F006451,意大利面（白小麦粉和菠菜、干制后水煮、无加盐）,grains_staples,,,,意大利面（白小麦粉和菠菜、干制后水煮、无加盐）,,
Batch-02,F006456,白面意大利面（水煮、无加盐）,grains_staples,pasta,,,白面意大利面（水煮、无加盐）,,
Batch-02,F006459,意大利面（白小麦粉、新鲜、水煮、无加盐）,grains_staples,,,,意大利面（白小麦粉、新鲜、水煮、无加盐）,,
Batch-02,F006460,意大利面（白小麦粉、新鲜、未烹调）,grains_staples,,,,意大利面（白小麦粉、新鲜、未烹调）,,
Batch-02,F006464,意大利面（全麦粉、干制后水煮、无加盐）,grains_staples,,,,意大利面（全麦粉、干制后水煮、无加盐）,,
Batch-02,F007596,藜麦（水煮、无加盐）,grains_staples,,,,藜麦（水煮、无加盐）,,
Batch-02,F007641,糙米饭（水煮、无加盐）,grains_staples,,,,糙米饭（水煮、无加盐）,,
Batch-02,F007661,白米饭（水煮或电饭锅烹制、无加盐）,grains_staples,,,,白米饭（水煮或电饭锅烹制、无加盐）,,
Batch-02,F007678,白米饭（即食型、微波加热）,grains_staples,,,,白米饭（即食型、微波加热）,,
Batch-02,F007683,野米饭（水煮、无加盐）,grains_staples,,,,野米饭（水煮、无加盐）,,
Batch-02,F007728,西米（水煮、无加盐）,grains_staples,,,,西米（水煮、无加盐）,,
Batch-02,F008220,粗粒小麦粉（水煮、无加油脂或盐）,grains_staples,,,,粗粒小麦粉（水煮、无加油脂或盐）,,
Batch-02,F008744,斯佩尔特小麦（水煮、无加油脂或盐）,grains_staples,,,,斯佩尔特小麦（水煮、无加油脂或盐）,,
Batch-02,F009089,木薯珍珠（珍珠或籽粒状、水煮、无加油脂或盐）,grains_staples,,,,木薯珍珠（珍珠或籽粒状、水煮、无加油脂或盐）,,
Batch-03,F009835,意大利面（豆类制、水煮、无加盐）,grains_staples,,,,意大利面（豆类制、水煮、无加盐）,,
Batch-03,F000436,菜豆（干制）,legumes_soy,,,,菜豆（干制）,,
Batch-03,F000437,菜豆（干制、水煮、沥干）,legumes_soy,,,,菜豆（干制、水煮、沥干）,,
Batch-03,F000441,利马豆（干制）,legumes_soy,,,,利马豆（干制）,,
Batch-03,F000442,利马豆（干制、水煮、沥干）,legumes_soy,,,,利马豆（干制、水煮、沥干）,,
Batch-03,F000448,红腰豆（罐装、沥干）,legumes_soy,,,,红腰豆（罐装、沥干）,,
Batch-03,F000449,红腰豆（干制）,legumes_soy,,,,红腰豆（干制）,,
Batch-03,F000451,红腰豆（干制、水煮、沥干）,legumes_soy,,,,红腰豆（干制、水煮、沥干）,,
Batch-03,F000458,大豆（干制）,legumes_soy,,,,大豆（干制）,,
Batch-03,F000459,大豆（干制、水煮、沥干）,legumes_soy,,,,大豆（干制、水煮、沥干）,,
Batch-03,F002880,鹰嘴豆（罐装、沥干）,legumes_soy,,,,鹰嘴豆（罐装、沥干）,,
Batch-03,F002881,鹰嘴豆（干制）,legumes_soy,,,,鹰嘴豆（干制）,,
Batch-03,F002882,干鹰嘴豆（水煮、沥干）,legumes_soy,chickpeas,,,干鹰嘴豆（水煮、沥干）,,
Batch-03,F005177,扁豆（干制、水煮、沥干）,legumes_soy,lentils,,,扁豆（干制、水煮、沥干）,,
Batch-03,F005178,法国扁豆（去壳、干制）,legumes_soy,,,,法国扁豆（去壳、干制）,,
Batch-03,F005181,绿扁豆（去壳、干制）,legumes_soy,,,,绿扁豆（去壳、干制）,,
Batch-03,F005184,红扁豆（去壳、干制）,legumes_soy,,,,红扁豆（去壳、干制）,,
Batch-03,F005248,羽扇豆（去壳、片状、未烹调）,legumes_soy,,,,羽扇豆（去壳、片状、未烹调）,,
Batch-03,F006544,干豌豆瓣（干制、水煮、沥干）,legumes_soy,,,,干豌豆瓣（干制、水煮、沥干）,,
Batch-03,F008151,素香肠（添加铁、锌和维生素B12、生）,legumes_soy,,,,素香肠（添加铁、锌和维生素B12、生）,,
Batch-03,F008153,素香肠（煎制、无加油脂）,legumes_soy,,,,素香肠（煎制、无加油脂）,,
Batch-03,F008155,素香肠（未强化、生）,legumes_soy,,,,素香肠（未强化、生）,,
Batch-03,F009176,老豆腐,legumes_soy,,,,老豆腐,,
Batch-03,F009816,豆类蔬菜肉替代品（熟）,legumes_soy,,,,豆类蔬菜肉替代品（熟）,,
Batch-03,F009821,真菌蛋白肉替代品（熟）,legumes_soy,,,,真菌蛋白肉替代品（熟）,,
Batch-03,F009823,植物蛋白肉替代品（熟）,legumes_soy,,,,植物蛋白肉替代品（熟）,,
Batch-03,F000561,牛肉丁（瘦、生）,meat_poultry,,,,牛肉丁（瘦、生）,,
Batch-03,F000655,牛肉末（较高脂肪、生）,meat_poultry,,,,牛肉末（较高脂肪、生）,,
Batch-03,F000666,牛肉末（较低脂肪、生）,meat_poultry,,,,牛肉末（较低脂肪、生）,,
Batch-03,F000678,牛肉末（全脂、生）,meat_poultry,,,,牛肉末（全脂、生）,,
Batch-03,F000739,牛臀排（瘦、生）,meat_poultry,,,,牛臀排（瘦、生）,,
Batch-03,F000792,牛后腿外侧烤肉（瘦、生）,meat_poultry,,,,牛后腿外侧烤肉（瘦、生）,,
Batch-03,F000810,牛西冷排（瘦、生）,meat_poultry,,,,牛西冷排（瘦、生）,,
Batch-03,F000931,牛肉炒条（瘦、生）,meat_poultry,,,,牛肉炒条（瘦、生）,,
Batch-03,F000961,牛后腿内侧烤肉（瘦、生）,meat_poultry,,,,牛后腿内侧烤肉（瘦、生）,,
Batch-03,F001920,河水牛眼肉（生）,meat_poultry,,,,河水牛眼肉（生）,,
Batch-03,F001921,河水牛后腿内侧肉（生）,meat_poultry,,,,河水牛后腿内侧肉（生）,,
Batch-03,F001922,沼泽水牛眼肉（生）,meat_poultry,,,,沼泽水牛眼肉（生）,,
Batch-03,F001923,沼泽水牛后腿内侧肉（生）,meat_poultry,,,,沼泽水牛后腿内侧肉（生）,,
Batch-03,F002205,骆驼眼肉（生）,meat_poultry,,,,骆驼眼肉（生）,,
Batch-03,F002206,骆驼臀肉（生）,meat_poultry,,,,骆驼臀肉（生）,,
Batch-03,F002594,鸡胸肉（去明显脂肪、生）,meat_poultry,,,,鸡胸肉（去明显脂肪、生）,,
Batch-03,F002647,鸡小腿肉（瘦肉、生）,meat_poultry,,,,鸡小腿肉（瘦肉、生）,,
Batch-03,F002739,鸡肉末（生）,meat_poultry,,,,鸡肉末（生）,,
Batch-03,F002773,鸡皮（混合样本、生）,meat_poultry,,,,鸡皮（混合样本、生）,,
Batch-03,F002806,鸡腿肉（瘦肉、生）,meat_poultry,,,,鸡腿肉（瘦肉、生）,,
Batch-03,F002849,鸡翅肉（瘦肉、生）,meat_poultry,,,,鸡翅肉（瘦肉、生）,,
Batch-03,F003632,鸭瘦肉（生）,meat_poultry,,,,鸭瘦肉（生）,,
Batch-03,F003641,鸭皮和脂肪（烘烤、无加油脂）,meat_poultry,,,,鸭皮和脂肪（烘烤、无加油脂）,,
Batch-03,F003642,鸭皮和脂肪（生）,meat_poultry,,,,鸭皮和脂肪（生）,,
Batch-03,F003776,鸸鹋扇形里脊（生）,meat_poultry,,,,鸸鹋扇形里脊（生）,,
Batch-03,F003779,鸸鹋排（购入状态、生）,meat_poultry,,,,鸸鹋排（购入状态、生）,,
Batch-03,F004235,山羊腿肉（瘦、生）,meat_poultry,,,,山羊腿肉（瘦、生）,,
Batch-03,F004237,山羊腰肉（瘦、生）,meat_poultry,,,,山羊腰肉（瘦、生）,,
Batch-03,F004928,羊肉丁（瘦、生）,meat_poultry,,,,羊肉丁（瘦、生）,,
Batch-03,F004929,羊肉丁（瘦、炒制、无加油脂）,meat_poultry,,,,羊肉丁（瘦、炒制、无加油脂）,,
Batch-03,F004948,羊腰眼肉（瘦、生）,meat_poultry,,,,羊腰眼肉（瘦、生）,,
Batch-03,F004954,羊里脊（瘦、生）,meat_poultry,,,,羊里脊（瘦、生）,,
Batch-03,F005013,羊腿烤肉（瘦、生）,meat_poultry,,,,羊腿烤肉（瘦、生）,,
Batch-03,F005027,羊腰排（瘦、生）,meat_poultry,,,,羊腰排（瘦、生）,,
Batch-03,F005049,羊肉末（生）,meat_poultry,,,,羊肉末（生）,,
Batch-03,F005050,羊肉末（炒制、无加油脂）,meat_poultry,,,,羊肉末（炒制、无加油脂）,,
Batch-03,F005121,羊肉炒条（瘦、生）,meat_poultry,,,,羊肉炒条（瘦、生）,,
Batch-03,F006282,鸵鸟扇形里脊（生）,meat_poultry,,,,鸵鸟扇形里脊（生）,,
Batch-03,F006283,鸵鸟月牙排（生）,meat_poultry,,,,鸵鸟月牙排（生）,,
Batch-03,F006698,乳鸽（整只、生）,meat_poultry,,,,乳鸽（整只、生）,,
Batch-03,F006862,猪五花肉（去皮、生）,meat_poultry,,,,猪五花肉（去皮、生）,,
Batch-03,F006875,猪蝴蝶排（瘦、生）,meat_poultry,,,,猪蝴蝶排（瘦、生）,,
Batch-03,F006899,猪里脊（瘦、生）,meat_poultry,,,,猪里脊（瘦、生）,,
Batch-03,F007019,猪腰排（瘦、生）,meat_poultry,,,,猪腰排（瘦、生）,,
Batch-03,F007037,猪腰肉烤块（瘦、生）,meat_poultry,,,,猪腰肉烤块（瘦、生）,,
Batch-03,F007049,猪里脊圆排（瘦、生）,meat_poultry,,,,猪里脊圆排（瘦、生）,,
Batch-03,F007077,猪后腿小烤肉（瘦、生）,meat_poultry,,,,猪后腿小烤肉（瘦、生）,,
Batch-03,F007085,猪臀排（瘦、生）,meat_poultry,,,,猪臀排（瘦、生）,,
Batch-03,F009789,骆驼排（购入状态、生）,meat_poultry,,,,骆驼排（购入状态、生）,,
Batch-03,F009805,鸭胸肉（瘦肉、生）,meat_poultry,,,,鸭胸肉（瘦肉、生）,,
Batch-03,F006081,杏仁（带皮、生、无盐）,nuts_seeds,nuts,,,杏仁（带皮、生、无盐）,,
Batch-03,F006082,杏仁（带皮、烤制、无盐）,nuts_seeds,,,,杏仁（带皮、烤制、无盐）,,
Batch-03,F006087,巴西坚果（生或焯水、无盐）,nuts_seeds,,,,巴西坚果（生或焯水、无盐）,,
Batch-03,F006088,腰果（生、无盐）,nuts_seeds,,,,腰果（生、无盐）,,
Batch-03,F006090,腰果（烤制、加盐）,nuts_seeds,,,,腰果（烤制、加盐）,,
Batch-03,F006092,腰果（烤制、无盐）,nuts_seeds,,,,腰果（烤制、无盐）,,
Batch-03,F006095,栗子（生、无盐）,nuts_seeds,,,,栗子（生、无盐）,,
Batch-03,F006096,栗子（烤制、无盐）,nuts_seeds,,,,栗子（烤制、无盐）,,
Batch-03,F006098,榛子（生、无盐）,nuts_seeds,,,,榛子（生、无盐）,,
Batch-03,F006099,夏威夷果（生、无盐）,nuts_seeds,,,,夏威夷果（生、无盐）,,
Batch-03,F006107,花生（带皮、生、无盐）,nuts_seeds,nuts,,,花生（带皮、生、无盐）,,
Batch-03,F006108,花生（带皮、烤制、用油、加盐）,nuts_seeds,,,,花生（带皮、烤制、用油、加盐）,,
Batch-03,F006109,花生（去皮、烤制、用油、加盐）,nuts_seeds,,,,花生（去皮、烤制、用油、加盐）,,
Batch-03,F006110,花生（去皮、烤制、用油、无盐）,nuts_seeds,,,,花生（去皮、烤制、用油、无盐）,,
Batch-03,F006111,碧根果（生、无盐）,nuts_seeds,,,,碧根果（生、无盐）,,
Batch-03,F006112,松子（生、无盐）,nuts_seeds,,,,松子（生、无盐）,,
Batch-03,F006113,开心果（生、无盐）,nuts_seeds,,,,开心果（生、无盐）,,
Batch-03,F006116,核桃（生、无盐）,nuts_seeds,,,,核桃（生、无盐）,,
Batch-03,F006577,花生酱（顺滑或颗粒型、加糖加盐）,nuts_seeds,,,,花生酱（顺滑或颗粒型、加糖加盐）,,
Batch-03,F008214,芝麻（无盐）,nuts_seeds,,,,芝麻（无盐）,,
Batch-03,F001971,黄油（无盐）,oils_fats,animal_fats,,,黄油（无盐）,,
Batch-03,F001972,黄油（原味、减盐）,oils_fats,,,,黄油（原味、减盐）,,
Batch-03,F001973,黄油（原味、加盐）,oils_fats,,,,黄油（原味、加盐）,,
Batch-03,F003817,植物油固体脂肪,oils_fats,,,,植物油固体脂肪,,
Batch-04,F004205,酥油（澄清黄油）,oils_fats,,,,酥油（澄清黄油）,,
Batch-04,F006155,单不饱和植物调和油,oils_fats,,,,单不饱和植物调和油,,
Batch-04,F006156,多不饱和植物调和油,oils_fats,,,,多不饱和植物调和油,,
Batch-04,F006159,菜籽油,oils_fats,,,,菜籽油,,
Batch-04,F006165,椰油起酥油,oils_fats,,,,椰油起酥油,,
Batch-04,F006167,葡萄籽油,oils_fats,,,,葡萄籽油,,
Batch-04,F006170,玉米油,oils_fats,,,,玉米油,,
Batch-04,F006177,橄榄油,oils_fats,plant_oils,,,橄榄油,,
Batch-04,F006183,花生油,oils_fats,,,,花生油,,
Batch-04,F006185,米糠油,oils_fats,,,,米糠油,,
Batch-04,F006186,红花籽油,oils_fats,,,,红花籽油,,
Batch-04,F003200,玉米（新鲜带芯、水煮、沥干）,potatoes_starchy_vegetables,corn,,,玉米（新鲜带芯、水煮、沥干）,,
Batch-04,F003201,玉米（玉米粒、冷冻购入、水煮、沥干）,potatoes_starchy_vegetables,,,,玉米（玉米粒、冷冻购入、水煮、沥干）,,
Batch-04,F003202,玉米（玉米粒、冷冻购入、生）,potatoes_starchy_vegetables,,,,玉米（玉米粒、冷冻购入、生）,,
Batch-04,F003209,玉米（新鲜带芯、生）,potatoes_starchy_vegetables,,,,玉米（新鲜带芯、生）,,
Batch-04,F007244,土豆（科利班品种、去皮、烘烤、无加油脂）,potatoes_starchy_vegetables,,,,土豆（科利班品种、去皮、烘烤、无加油脂）,,
Batch-04,F007245,土豆（科利班品种、去皮、水煮、沥干）,potatoes_starchy_vegetables,,,,土豆（科利班品种、去皮、水煮、沥干）,,
Batch-04,F007247,土豆（科利班品种、去皮、生）,potatoes_starchy_vegetables,,,,土豆（科利班品种、去皮、生）,,
Batch-04,F007250,土豆（德西蕾品种、去皮、烘烤、无加油脂）,potatoes_starchy_vegetables,,,,土豆（德西蕾品种、去皮、烘烤、无加油脂）,,
Batch-04,F007252,土豆（德西蕾品种、去皮、水煮、沥干）,potatoes_starchy_vegetables,,,,土豆（德西蕾品种、去皮、水煮、沥干）,,
Batch-04,F007254,土豆（德西蕾品种、去皮、生）,potatoes_starchy_vegetables,,,,土豆（德西蕾品种、去皮、生）,,
Batch-04,F007305,土豆（新土豆、去皮、烘烤、无加油脂）,potatoes_starchy_vegetables,,,,土豆（新土豆、去皮、烘烤、无加油脂）,,
Batch-04,F007306,土豆（新土豆、去皮、水煮、沥干）,potatoes_starchy_vegetables,,,,土豆（新土豆、去皮、水煮、沥干）,,
Batch-04,F007308,土豆（新土豆、去皮、生）,potatoes_starchy_vegetables,,,,土豆（新土豆、去皮、生）,,
Batch-04,F007314,土豆（浅色皮、去皮、烘烤、无加油脂）,potatoes_starchy_vegetables,,,,土豆（浅色皮、去皮、烘烤、无加油脂）,,
Batch-04,F007320,浅皮土豆（去皮、水煮、沥干）,potatoes_starchy_vegetables,potato,,,浅皮土豆（去皮、水煮、沥干）,,
Batch-04,F007325,土豆（浅色皮、去皮、生）,potatoes_starchy_vegetables,,,,土豆（浅色皮、去皮、生）,,
Batch-04,F007358,土豆（庞蒂亚克品种、去皮、烘烤、无加油脂）,potatoes_starchy_vegetables,,,,土豆（庞蒂亚克品种、去皮、烘烤、无加油脂）,,
Batch-04,F007359,土豆（庞蒂亚克品种、去皮、水煮、沥干）,potatoes_starchy_vegetables,,,,土豆（庞蒂亚克品种、去皮、水煮、沥干）,,
Batch-04,F007361,土豆（庞蒂亚克品种、去皮、生）,potatoes_starchy_vegetables,,,,土豆（庞蒂亚克品种、去皮、生）,,
Batch-04,F007364,土豆（红皮、去皮、烘烤、无加油脂）,potatoes_starchy_vegetables,,,,土豆（红皮、去皮、烘烤、无加油脂）,,
Batch-04,F007366,土豆（红皮、去皮、水煮、沥干）,potatoes_starchy_vegetables,,,,土豆（红皮、去皮、水煮、沥干）,,
Batch-04,F007368,土豆（红皮、去皮、生）,potatoes_starchy_vegetables,,,,土豆（红皮、去皮、生）,,
Batch-04,F007384,土豆（塞巴戈品种、去皮、水煮、沥干）,potatoes_starchy_vegetables,,,,土豆（塞巴戈品种、去皮、水煮、沥干）,,
Batch-04,F007386,土豆（塞巴戈品种、去皮、生）,potatoes_starchy_vegetables,,,,土豆（塞巴戈品种、去皮、生）,,
Batch-04,F009034,橙肉红薯（去皮、水煮、沥干）,potatoes_starchy_vegetables,sweet_potato,,,橙肉红薯（去皮、水煮、沥干）,,
Batch-04,F000162,哈斯牛油果（生）,vegetables,,,,哈斯牛油果（生）,,
Batch-04,F001015,甜菜根（新鲜、紫色、去皮、生）,vegetables,,,,甜菜根（新鲜、紫色、去皮、生）,,
Batch-04,F001900,西兰花（新鲜、水煮、沥干）,vegetables,,,,西兰花（新鲜、水煮、沥干）,,
Batch-04,F001904,西兰花（新鲜、微波加热）,vegetables,,,,西兰花（新鲜、微波加热）,,
Batch-04,F001909,嫩茎西兰花（新鲜、生）,vegetables,,,,嫩茎西兰花（新鲜、生）,,
Batch-04,F002239,青彩椒（新鲜、生）,vegetables,,,,青彩椒（新鲜、生）,,
Batch-04,F002247,红彩椒（新鲜、生）,vegetables,,,,红彩椒（新鲜、生）,,
Batch-04,F002266,小胡萝卜（去皮、新鲜、生）,vegetables,,,,小胡萝卜（去皮、新鲜、生）,,
Batch-04,F002276,成熟胡萝卜（去皮、新鲜、生）,vegetables,root_vegetables,,,成熟胡萝卜（去皮、新鲜、生）,,
Batch-04,F002288,白肉木薯（去皮、新鲜、生）,vegetables,,,,白肉木薯（去皮、新鲜、生）,,
Batch-04,F002290,黄肉木薯（去皮、新鲜、生）,vegetables,,,,黄肉木薯（去皮、新鲜、生）,,
Batch-04,F002378,花椰菜（新鲜、生）,vegetables,,,,花椰菜（新鲜、生）,,
Batch-04,F002384,根芹菜（去皮、生）,vegetables,,,,根芹菜（去皮、生）,,
Batch-04,F002884,菊苣（生）,vegetables,,,,菊苣（生）,,
Batch-04,F002896,青辣椒（生）,vegetables,,,,青辣椒（生）,,
Batch-04,F002901,红辣椒（生）,vegetables,,,,红辣椒（生）,,
Batch-04,F002949,佛手瓜（去皮、新鲜、生）,vegetables,,,,佛手瓜（去皮、新鲜、生）,,
Batch-04,F003319,普通黄瓜（去皮、生）,vegetables,,,,普通黄瓜（去皮、生）,,
Batch-04,F003320,普通黄瓜（带皮、生）,vegetables,,,,普通黄瓜（带皮、生）,,
Batch-04,F003321,黎巴嫩黄瓜（带皮、生）,vegetables,,,,黎巴嫩黄瓜（带皮、生）,,
Batch-04,F003324,长黄瓜（带皮、生）,vegetables,,,,长黄瓜（带皮、生）,,
Batch-04,F003753,茄子（带皮、新鲜、烤制、无加油脂）,vegetables,,,,茄子（带皮、新鲜、烤制、无加油脂）,,
Batch-04,F003761,茄子（带皮、新鲜、生）,vegetables,,,,茄子（带皮、新鲜、生）,,
Batch-04,F003784,苦苣（新鲜、生）,vegetables,,,,苦苣（新鲜、生）,,
Batch-04,F004193,大蒜（去皮、新鲜、生）,vegetables,,,,大蒜（去皮、新鲜、生）,,
Batch-04,F004213,生姜（去皮、新鲜、生）,vegetables,,,,生姜（去皮、新鲜、生）,,
Batch-04,F005164,韭葱（新鲜、生）,vegetables,,,,韭葱（新鲜、生）,,
Batch-04,F005191,罗马生菜（生）,vegetables,,,,罗马生菜（生）,,
Batch-04,F005192,冰山生菜（生）,vegetables,,,,冰山生菜（生）,,
Batch-04,F005193,奶油生菜（生）,vegetables,,,,奶油生菜（生）,,
Batch-04,F005513,苦瓜（新鲜、生）,vegetables,,,,苦瓜（新鲜、生）,,
Batch-04,F005514,节瓜（新鲜、生）,vegetables,,,,节瓜（新鲜、生）,,
Batch-04,F005945,蘑菇（普通、新鲜、煎制、无加油脂）,vegetables,,,,蘑菇（普通、新鲜、煎制、无加油脂）,,
Batch-04,F005946,蘑菇（普通、新鲜、生）,vegetables,,,,蘑菇（普通、新鲜、生）,,
Batch-04,F005949,蘑菇（普通、强化维生素D、新鲜、生）,vegetables,,,,蘑菇（普通、强化维生素D、新鲜、生）,,
Batch-04,F006195,秋葵（生）,vegetables,,,,秋葵（生）,,
Batch-04,F006225,黄洋葱（去皮、生）,vegetables,,,,黄洋葱（去皮、生）,,
Batch-04,F006250,青葱（新鲜、生）,vegetables,,,,青葱（新鲜、生）,,
Batch-04,F006328,欧防风（去皮、新鲜、生）,vegetables,,,,欧防风（去皮、新鲜、生）,,
Batch-04,F007535,奶油南瓜（去皮、新鲜、生）,vegetables,,,,奶油南瓜（去皮、新鲜、生）,,
Batch-04,F007540,金块南瓜（去皮、新鲜、生）,vegetables,,,,金块南瓜（去皮、新鲜、生）,,
Batch-04,F007555,南瓜（去皮、新鲜、生）,vegetables,,,,南瓜（去皮、新鲜、生）,,
Batch-04,F007606,红皮萝卜（带皮、生）,vegetables,,,,红皮萝卜（带皮、生）,,
Batch-04,F007608,白萝卜（去皮、生）,vegetables,,,,白萝卜（去皮、生）,,
Batch-04,F007712,芝麻菜（新鲜、生）,vegetables,,,,芝麻菜（新鲜、生）,,
Batch-04,F008227,红葱头（去皮、新鲜、生）,vegetables,,,,红葱头（去皮、新鲜、生）,,
Batch-04,F008267,瑞士甜菜（新鲜、生）,vegetables,,,,瑞士甜菜（新鲜、生）,,
Batch-04,F008749,嫩菠菜（新鲜、生）,vegetables,,,,嫩菠菜（新鲜、生）,,
Batch-04,F008761,成熟英国菠菜（新鲜、生）,vegetables,,,,成熟英国菠菜（新鲜、生）,,
Batch-04,F008763,空心菜（新鲜、生）,vegetables,,,,空心菜（新鲜、生）,,
Batch-04,F008811,小圆南瓜（新鲜、生）,vegetables,,,,小圆南瓜（新鲜、生）,,
Batch-04,F008813,飞碟瓜（新鲜、生）,vegetables,,,,飞碟瓜（新鲜、生）,,
Batch-04,F009021,芜菁甘蓝（去皮、新鲜、生）,vegetables,,,,芜菁甘蓝（去皮、新鲜、生）,,
Batch-04,F009039,红薯（白肉、去皮、生）,vegetables,,,,红薯（白肉、去皮、生）,,
Batch-04,F009094,芋头（去皮、新鲜、生）,vegetables,,,,芋头（去皮、新鲜、生）,,
Batch-04,F009190,樱桃番茄（生）,vegetables,,,,樱桃番茄（生）,,
Batch-04,F009193,普通番茄（生）,vegetables,,,,普通番茄（生）,,
Batch-04,F009532,西洋菜（生）,vegetables,,,,西洋菜（生）,,
Batch-04,F009800,红洋葱（生）,vegetables,,,,红洋葱（生）,,
Batch-04,F010259,黄彩椒（新鲜、生）,vegetables,,,,黄彩椒（新鲜、生）,,
Batch-04,F010942,红薯（橙肉、带皮、生）,vegetables,,,,红薯（橙肉、带皮、生）,,
Batch-04,F010943,红薯（紫肉、去皮、生）,vegetables,,,,红薯（紫肉、去皮、生）,,
Batch-04,F010994,谢泼德牛油果（生）,vegetables,,,,谢泼德牛油果（生）,,
Batch-04,F010995,黎巴嫩黄瓜（去皮、生）,vegetables,,,,黎巴嫩黄瓜（去皮、生）,,
